fraser_annings_conservative_national_party_ordinary_votes, socialist_alliance_ordinary_votes, labor_ordinary_votes, latitude, longitude,post_code, polling_place_name, state, division_name, australian_democrats_ordinary_votes, non_affiliated_candidates_ordinary_votes, the_greens_ordinary_votes, national_party_ordinary_votes, australian_progressives_ordinary_votes, christian_democratic_party_fred_nile_group_ordinary_votes, centre_alliance_ordinary_votes, australian_workers_party_ordinary_votes, western_australia_party_ordinary_votes, division_id, liberal_democrats_ordinary_votes, liberal_ordinary_votes, the_nationals_ordinary_votes, australia_first_party_ordinary_votes, polling_place_id, united_australia_party_ordinary_votes, informal_ordinary_votes, katters_australian_party_kap_ordinary_votes, polling_place_type_id, socialist_equality_party_ordinary_votes
null,null,402,-33.8211705,151.1355456,2110,Hunters Hill North (North Sydney),NSW,North Sydney,null,null,175,null,null,24,null,null,null,137,null,733,null,null,76,24,84,null,1,null
null,null,262,-33.8092487,151.1748087,2066,Chatswood South,NSW,North Sydney,null,null,147,null,null,31,null,null,null,137,null,363,null,null,77,9,62,null,1,null
null,null,408,-33.8098512,151.1523201,2066,Lane Cove West Central,NSW,North Sydney,null,null,217,null,null,27,null,null,null,137,null,765,null,null,78,20,43,null,1,null
null,null,407,-33.8291705,151.1883862,2065,Greenwich North,NSW,North Sydney,null,null,218,null,null,22,null,null,null,137,null,724,null,null,89,19,54,null,1,null
null,null,360,-33.8352012,151.1513327,2110,Hunters Hill,NSW,North Sydney,null,null,183,null,null,35,null,null,null,137,null,1454,null,null,90,26,75,null,1,null
null,null,283,-33.8315418,151.1427724,2110,Hunters Hill West,NSW,North Sydney,null,null,99,null,null,24,null,null,null,137,null,768,null,null,91,11,38,null,1,null
null,null,646,-33.8164317,151.1694767,2066,Lane Cove,NSW,North Sydney,null,null,383,null,null,31,null,null,null,137,null,1126,null,null,94,30,83,null,1,null
null,null,203,-33.819208,151.1701635,2066,Lane Cove South,NSW,North Sydney,null,null,75,null,null,8,null,null,null,137,null,560,null,null,95,8,19,null,1,null
null,null,554,-33.812923,151.158335,2066,Lane Cove West,NSW,North Sydney,null,null,243,null,null,38,null,null,null,137,null,1046,null,null,96,32,122,null,1,null
null,null,333,-33.8277534,151.1700811,2066,Longueville,NSW,North Sydney,null,null,172,null,null,17,null,null,null,137,null,1019,null,null,97,23,34,null,1,null
null,null,425,-33.8127091,151.1713361,2066,Lane Cove East,NSW,North Sydney,null,null,247,null,null,24,null,null,null,137,null,789,null,null,101,18,80,null,1,null
null,null,284,-32.9377159,151.6830912,2285,Cardiff Heights (Newcastle),NSW,Newcastle,null,null,109,null,null,30,null,null,null,136,null,312,null,null,335,30,30,null,1,null
null,null,340,-32.8794128,151.616256,2287,Minmi,NSW,Newcastle,null,null,69,null,null,14,null,null,null,136,null,229,null,null,361,46,83,null,1,null
null,null,789,-33.898036,151.197505,2015,Alexandria,NSW,Sydney,null,null,321,null,null,4,null,null,null,149,null,305,null,null,1433,11,40,null,1,null
null,null,905,-33.8928,151.19,2008,Darlington,NSW,Sydney,null,null,447,null,null,33,null,null,null,149,null,223,null,null,1441,17,52,null,1,null
null,null,1313,-33.9004589,151.1862392,2043,Erskineville,NSW,Sydney,null,null,512,null,null,8,null,null,null,149,null,397,null,null,1444,16,55,null,1,null
null,null,419,-33.9213,151.198,2018,Rosebery West (Sydney),NSW,Sydney,null,null,157,null,null,17,null,null,null,149,null,320,null,null,1446,22,62,null,1,null
null,null,713,-33.894749,151.201324,2016,Redfern West,NSW,Sydney,null,null,230,null,null,16,null,null,null,149,null,191,null,null,1464,21,78,null,1,null
null,null,869,-33.8923,151.204,2016,Redfern,NSW,Sydney,null,null,370,null,null,15,null,null,null,149,null,272,null,null,1465,22,62,null,1,null
null,null,742,-33.9164,151.208,2018,Rosebery,NSW,Sydney,null,null,182,null,null,27,null,null,null,149,null,655,null,null,1466,42,137,null,1,null
null,null,744,-33.9085373,151.2067671,2017,Zetland South,NSW,Sydney,null,null,213,null,null,17,null,null,null,149,null,584,null,null,1468,18,69,null,1,null
null,null,512,-33.8967591,151.2040753,2017,Waterloo,NSW,Sydney,null,null,110,null,null,9,null,null,null,149,null,157,null,null,1471,23,83,null,1,null
null,null,609,-33.9038,151.203,2017,Zetland,NSW,Sydney,null,null,299,null,null,15,null,null,null,149,null,446,null,null,1472,17,77,null,1,null
null,null,377,-32.9353,151.739,2303,Beaumont Park,NSW,Newcastle,null,null,61,null,null,15,null,null,null,136,null,130,null,null,1861,29,78,null,1,null
null,null,565,-32.8894708,151.6945624,2307,Birmingham Gardens North,NSW,Newcastle,null,null,131,null,null,26,null,null,null,136,null,225,null,null,1863,55,92,null,1,null
null,null,337,-32.917469,151.734085,2292,Hamilton North,NSW,Newcastle,null,null,141,null,null,10,null,null,null,136,null,158,null,null,1864,14,55,null,1,null
null,null,637,-32.9122,151.765,2294,Carrington,NSW,Newcastle,null,null,321,null,null,15,null,null,null,136,null,320,null,null,1865,35,95,null,1,null
null,null,367,-32.929263,151.768023,2300,Cooks Hill,NSW,Newcastle,null,null,298,null,null,7,null,null,null,136,null,226,null,null,1866,15,55,null,1,null
null,null,677,-32.9338,151.768,2300,Cooks Hill South,NSW,Newcastle,null,null,416,null,null,23,null,null,null,136,null,528,null,null,1867,25,73,null,1,null
null,null,741,-32.9392328,151.7581201,2291,The Junction,NSW,Newcastle,null,null,436,null,null,15,null,null,null,136,null,717,null,null,1868,29,94,null,1,null
null,null,850,-32.9149,151.666,2287,Elermore Vale (Newcastle),NSW,Newcastle,null,null,170,null,null,49,null,null,null,136,null,463,null,null,1869,79,138,null,1,null
null,null,314,-32.9079407,151.7303967,2298,Georgetown,NSW,Newcastle,null,null,115,null,null,8,null,null,null,136,null,159,null,null,1871,14,29,null,1,null
null,null,904,-32.924,151.744,2303,Hamilton,NSW,Newcastle,null,null,503,null,null,28,null,null,null,136,null,494,null,null,1872,49,112,null,1,null
null,null,714,-32.9341,151.754,2291,Hamilton South,NSW,Newcastle,null,null,298,null,null,19,null,null,null,136,null,748,null,null,1875,39,97,null,1,null
null,null,524,-32.9115,151.744,2296,Islington,NSW,Newcastle,null,null,434,null,null,21,null,null,null,136,null,194,null,null,1877,21,71,null,1,null
null,null,850,-32.9015303,151.6959716,2299,Jesmond North,NSW,Newcastle,null,null,296,null,null,43,null,null,null,136,null,251,null,null,1879,64,137,null,1,null
null,null,765,-32.9147,151.709,2299,Lambton,NSW,Newcastle,null,null,224,null,null,47,null,null,null,136,null,546,null,null,1880,52,75,null,1,null
null,null,687,-32.9175,151.722,2299,Lambton East,NSW,Newcastle,null,null,225,null,null,23,null,null,null,136,null,366,null,null,1881,35,104,null,1,null
null,null,765,-32.924906,151.7157519,2305,New Lambton,NSW,Newcastle,null,null,283,null,null,19,null,null,null,136,null,582,null,null,1882,54,116,null,1,null
null,null,1007,-32.882,151.659,2287,Maryland,NSW,Newcastle,null,null,150,null,null,53,null,null,null,136,null,439,null,null,1883,114,166,null,1,null
null,null,765,-32.8980225,151.7414935,2304,Mayfield,NSW,Newcastle,null,null,197,null,null,30,null,null,null,136,null,272,null,null,1885,42,96,null,1,null
null,null,675,-32.8959,151.748,2304,Mayfield East,NSW,Newcastle,null,null,309,null,null,22,null,null,null,136,null,262,null,null,1886,48,77,null,1,null
null,null,818,-32.9,151.734,2304,Mayfield South,NSW,Newcastle,null,null,320,null,null,34,null,null,null,136,null,302,null,null,1887,41,105,null,1,null
null,null,695,-32.8886207,151.7296696,2304,Mayfield West,NSW,Newcastle,null,null,226,null,null,36,null,null,null,136,null,297,null,null,1888,59,94,null,1,null
null,null,474,-32.9304,151.777,2300,Newcastle City,NSW,Newcastle,null,null,383,null,null,16,null,null,null,136,null,390,null,null,1889,27,44,null,1,null
null,null,370,-32.8996541,151.6636379,2287,Pittown,NSW,Newcastle,null,null,75,null,null,30,null,null,null,136,null,186,null,null,1891,41,45,null,1,null
null,null,937,-32.8921027,151.6680192,2287,Plattsburg,NSW,Newcastle,null,null,164,null,null,54,null,null,null,136,null,412,null,null,1892,84,140,null,1,null
null,null,722,-32.8817314,151.6953455,2307,Shortland,NSW,Newcastle,null,null,164,null,null,42,null,null,null,136,null,256,null,null,1894,68,118,null,1,null
null,null,835,-32.9111818,151.7806369,2295,Stockton,NSW,Newcastle,null,null,172,null,null,37,null,null,null,136,null,430,null,null,1895,56,104,null,1,null
null,null,640,-32.9078104,151.7508547,2297,Tighes Hill,NSW,Newcastle,null,null,486,null,null,14,null,null,null,136,null,220,null,null,1898,31,74,null,1,null
null,null,1078,-32.9206289,151.6753603,2287,Wallsend South,NSW,Newcastle,null,null,260,null,null,42,null,null,null,136,null,701,null,null,1901,74,125,null,1,null
null,null,906,-32.9058,151.722,2298,Waratah,NSW,Newcastle,null,null,333,null,null,40,null,null,null,136,null,339,null,null,1902,60,133,null,1,null
null,null,576,-32.8993,151.716,2298,Waratah West,NSW,Newcastle,null,null,169,null,null,27,null,null,null,136,null,195,null,null,1905,36,70,null,1,null
null,null,441,-32.9066147,151.6836811,2287,Silver Ridge,NSW,Newcastle,null,null,92,null,null,32,null,null,null,136,null,285,null,null,1906,35,50,null,1,null
null,null,332,-33.8069303,151.1861229,2064,Artarmon,NSW,North Sydney,null,null,195,null,null,17,null,null,null,137,null,610,null,null,2008,8,50,null,1,null
null,null,612,-33.8109871,151.1857357,2064,Artarmon Central,NSW,North Sydney,null,null,260,null,null,37,null,null,null,137,null,813,null,null,2009,24,143,null,1,null
null,null,591,-33.820861,151.211348,2062,Cammeray,NSW,North Sydney,null,null,345,null,null,23,null,null,null,137,null,1190,null,null,2010,20,62,null,1,null
null,null,229,-33.8033981,151.2131419,2068,Castlecrag,NSW,North Sydney,null,null,166,null,null,17,null,null,null,137,null,671,null,null,2012,8,45,null,1,null
null,null,440,-33.8285,151.225,2090,Cremorne (North Sydney),NSW,North Sydney,null,null,252,null,null,24,null,null,null,137,null,914,null,null,2017,24,54,null,1,null
null,null,536,-33.8302599,151.2035121,2065,Crows Nest,NSW,North Sydney,null,null,327,null,null,25,null,null,null,137,null,752,null,null,2019,24,74,null,1,null
null,null,301,-33.8291235,151.2087245,2065,Crows Nest East,NSW,North Sydney,null,null,170,null,null,20,null,null,null,137,null,574,null,null,2020,16,36,null,1,null
null,null,636,-33.8485905,151.2143013,2061,Kirribilli,NSW,North Sydney,null,null,325,null,null,25,null,null,null,137,null,1124,null,null,2023,27,118,null,1,null
null,null,466,-33.843099,151.205217,2060,McMahons Point,NSW,North Sydney,null,null,241,null,null,4,null,null,null,137,null,685,null,null,2024,20,46,null,1,null
null,null,615,-33.8194691,151.2007257,2065,Naremburn,NSW,North Sydney,null,null,353,null,null,41,null,null,null,137,null,1088,null,null,2026,25,117,null,1,null
null,null,128,-33.8354107,151.2146238,2089,Neutral Bay West (North Sydney),NSW,North Sydney,null,null,101,null,null,3,null,null,null,137,null,263,null,null,2028,6,20,null,1,null
null,null,130,-33.8105558,151.2170746,2063,Northbridge,NSW,North Sydney,null,null,87,null,null,27,null,null,null,137,null,425,null,null,2029,7,15,null,1,null
null,null,420,-33.8122014,151.2189118,2063,Northbridge East,NSW,North Sydney,null,null,239,null,null,29,null,null,null,137,null,1254,null,null,2030,17,84,null,1,null
null,null,598,-33.8349829,151.2040327,2060,North Sydney,NSW,North Sydney,null,null,349,null,null,34,null,null,null,137,null,911,null,null,2031,25,100,null,1,null
null,null,165,-33.8209033,151.1865228,2065,St Leonards,NSW,North Sydney,null,null,116,null,null,9,null,null,null,137,null,228,null,null,2033,4,33,null,1,null
null,null,363,-33.837717,151.196348,2060,Waverton,NSW,North Sydney,null,null,288,null,null,20,null,null,null,137,null,633,null,null,2034,13,56,null,1,null
null,null,625,-33.8019446,151.1995784,2068,Willoughby,NSW,North Sydney,null,null,275,null,null,53,null,null,null,137,null,1186,null,null,2035,26,120,null,1,null
null,null,491,-33.7958337,151.2056701,2068,Willoughby North,NSW,North Sydney,null,null,287,null,null,34,null,null,null,137,null,1073,null,null,2036,23,128,null,1,null
null,null,337,-33.8317545,151.2030955,2065,Wollstonecraft,NSW,North Sydney,null,null,212,null,null,21,null,null,null,137,null,559,null,null,2037,14,26,null,1,null
null,null,658,-32.9464,151.707,2289,Adamstown Heights (Newcastle),NSW,Newcastle,null,null,219,null,null,27,null,null,null,136,null,547,null,null,2680,52,76,null,1,null
null,null,595,-32.931127,151.728308,2289,Adamstown North,NSW,Newcastle,null,null,250,null,null,17,null,null,null,136,null,368,null,null,2681,47,107,null,1,null
null,null,402,-32.9381045,151.705971,2289,Kotara East,NSW,Newcastle,null,null,133,null,null,15,null,null,null,136,null,232,null,null,2703,23,48,null,1,null
null,null,503,-32.945909,151.694912,2289,Kotara South (Newcastle),NSW,Newcastle,null,null,186,null,null,23,null,null,null,136,null,371,null,null,2705,34,70,null,1,null
null,null,365,-32.9378,151.752,2291,Merewether,NSW,Newcastle,null,null,187,null,null,9,null,null,null,136,null,328,null,null,2707,23,56,null,1,null
null,null,373,-32.9469,151.739,2291,Merewether Heights,NSW,Newcastle,null,null,172,null,null,18,null,null,null,136,null,522,null,null,2708,24,44,null,1,null
null,null,607,-32.9484767,151.7541281,2291,Merewether South,NSW,Newcastle,null,null,282,null,null,14,null,null,null,136,null,834,null,null,2709,32,94,null,1,null
null,null,867,-32.937316,151.726387,2289,Adamstown South,NSW,Newcastle,null,null,346,null,null,22,null,null,null,136,null,655,null,null,2710,50,120,null,1,null
null,null,556,-32.9263433,151.7136245,2305,New Lambton Central,NSW,Newcastle,null,null,145,null,null,22,null,null,null,136,null,487,null,null,2712,25,65,null,1,null
null,null,775,-32.9314303,151.7175065,2305,New Lambton South,NSW,Newcastle,null,null,302,null,null,20,null,null,null,136,null,385,null,null,2714,44,76,null,1,null
null,null,81,-33.8858,151.17,2038,Annandale (Sydney),NSW,Sydney,null,null,36,null,null,1,null,null,null,149,null,30,null,null,2727,0,1,null,1,null
null,null,505,-33.8874,151.175,2050,Camperdown,NSW,Sydney,null,null,216,null,null,8,null,null,null,149,null,144,null,null,2735,10,20,null,1,null
null,null,1023,-33.8956,151.178,2042,Camperdown South (Sydney),NSW,Sydney,null,null,535,null,null,13,null,null,null,149,null,177,null,null,2736,13,46,null,1,null
null,null,1242,-33.8821,151.182,2037,Forest Lodge,NSW,Sydney,null,null,486,null,null,15,null,null,null,149,null,426,null,null,2740,20,68,null,1,null
null,null,729,-33.8825994,151.1851211,2037,Glebe,NSW,Sydney,null,null,264,null,null,15,null,null,null,149,null,229,null,null,2742,15,53,null,1,null
null,null,598,-33.8837,151.191,2037,Glebe East,NSW,Sydney,null,null,253,null,null,13,null,null,null,149,null,169,null,null,2743,19,73,null,1,null
null,null,511,-33.8754,151.188,2037,Glebe North,NSW,Sydney,null,null,191,null,null,11,null,null,null,149,null,211,null,null,2744,10,38,null,1,null
null,null,98,-31.5298949,159.0691602,2898,Lord Howe Island,NSW,Sydney,null,null,35,null,null,1,null,null,null,149,null,66,null,null,2755,2,11,null,1,null
null,null,293,-33.8589,151.208,2000,Millers Point,NSW,Sydney,null,null,56,null,null,6,null,null,null,149,null,543,null,null,2756,13,25,null,1,null
null,null,1289,-33.8679,151.192,2009,Pyrmont,NSW,Sydney,null,null,308,null,null,19,null,null,null,149,null,1202,null,null,2762,73,140,null,1,null
null,null,554,-33.8759,151.181,2037,Glebe West,NSW,Sydney,null,null,168,null,null,17,null,null,null,149,null,238,null,null,2768,9,26,null,1,null
null,null,424,-33.8813,151.2,2007,Ultimo,NSW,Sydney,null,null,153,null,null,8,null,null,null,149,null,249,null,null,2769,13,72,null,1,null
null,null,1199,-33.8905,151.216,2010,Surry Hills South,NSW,Sydney,null,null,406,null,null,13,null,null,null,149,null,423,null,null,2852,25,96,null,1,null
null,null,561,-33.8787,151.223,2010,Darlinghurst East (Sydney),NSW,Sydney,null,null,158,null,null,7,null,null,null,149,null,290,null,null,2853,7,39,null,1,null
null,null,566,-33.8847514,151.198426,2007,Ultimo East,NSW,Sydney,null,null,293,null,null,17,null,null,null,149,null,273,null,null,2856,15,69,null,1,null
null,null,337,-33.8861593,151.2082967,2010,Surry Hills West,NSW,Sydney,null,null,155,null,null,11,null,null,null,149,null,148,null,null,2864,6,29,null,1,null
null,null,314,-33.8837,151.217,2010,Surry Hills East (Sydney),NSW,Sydney,null,null,84,null,null,3,null,null,null,149,null,148,null,null,2866,9,22,null,1,null
null,null,325,-33.8761,151.213,2010,Hyde Park,NSW,Sydney,null,null,107,null,null,13,null,null,null,149,null,168,null,null,2869,16,48,null,1,null
null,null,1047,-33.8774,151.221,2010,Kings Cross (Sydney),NSW,Sydney,null,null,286,null,null,15,null,null,null,149,null,473,null,null,2871,23,87,null,1,null
null,null,599,-33.8712715,151.2199566,2011,Woolloomooloo,NSW,Sydney,null,null,173,null,null,1,null,null,null,149,null,341,null,null,2876,14,61,null,1,null
null,null,737,-33.8947,151.21,2016,Redfern East,NSW,Sydney,null,null,180,null,null,16,null,null,null,149,null,318,null,null,2879,21,88,null,1,null
null,null,418,-33.886734,151.2148439,2010,Surry Hills,NSW,Sydney,null,null,124,null,null,9,null,null,null,149,null,158,null,null,2887,9,18,null,1,null
null,null,1015,-33.882301,151.215195,2010,Surry Hills North,NSW,Sydney,null,null,352,null,null,18,null,null,null,149,null,377,null,null,2888,18,100,null,1,null
null,null,null,-37.8034688,144.993542,3067,Abbotsford,VIC,Melbourne,null,null,null,null,null,null,null,null,null,228,null,97,null,null,4610,8,53,null,1,null
null,null,null,-37.7962325,144.9641679,2207,Carlton,VIC,Melbourne,null,null,null,null,null,null,null,null,null,228,null,72,null,null,4621,0,11,null,1,null
null,null,null,-37.7912,144.973,3054,Carlton Central,VIC,Melbourne,null,null,null,null,null,null,null,null,null,228,null,256,null,null,4622,14,75,null,1,null
null,null,null,-37.8019433,144.9693412,3053,Carlton South,VIC,Melbourne,null,null,null,null,null,null,null,null,null,228,null,277,null,null,4624,16,70,null,1,null
null,null,null,-37.8005296,144.9865044,3066,Collingwood,VIC,Melbourne,null,null,null,null,null,null,null,null,null,228,null,127,null,null,4626,8,32,null,1,null
null,null,null,-37.7849,144.988,3068,Delbridge,VIC,Melbourne,null,null,null,null,null,null,null,null,null,228,null,143,null,null,4628,5,32,null,1,null
null,null,null,-37.8116651,144.9846819,3002,East Melbourne,VIC,Melbourne,null,null,null,null,null,null,null,null,null,228,null,518,null,null,4629,13,28,null,1,null
null,null,null,-37.7814,144.968,3054,Princes Hill,VIC,Melbourne,null,null,null,null,null,null,null,null,null,228,null,288,null,null,4630,11,56,null,1,null
null,null,null,-37.7996027,144.9815114,3065,Fitzroy,VIC,Melbourne,null,null,null,null,null,null,null,null,null,228,null,214,null,null,4631,8,72,null,1,null
null,null,null,-37.7846,144.984,3068,Fitzroy North,VIC,Melbourne,null,null,null,null,null,null,null,null,null,228,null,240,null,null,4633,13,82,null,1,null
null,null,null,-37.79649,144.9423376,3051,Hotham Hill,VIC,Melbourne,null,null,null,null,null,null,null,null,null,228,null,184,null,null,4635,15,72,null,1,null
null,null,null,-37.7928,144.927,3031,Kensington (Melbourne),VIC,Melbourne,null,null,null,null,null,null,null,null,null,228,null,327,null,null,4636,13,79,null,1,null
null,null,null,-37.8098387,144.9720566,3000,Melbourne (Melbourne),VIC,Melbourne,null,null,null,null,null,null,null,null,null,228,null,554,null,null,4637,25,44,null,1,null
null,null,null,-37.7771,144.988,3068,Merri (Melbourne),VIC,Melbourne,null,null,null,null,null,null,null,null,null,228,null,141,null,null,4638,8,38,null,1,null
null,null,null,-37.8036247,144.956797,3051,North Melbourne,VIC,Melbourne,null,null,null,null,null,null,null,null,null,228,null,238,null,null,4640,13,37,null,1,null
null,null,null,-37.7984,144.951,3051,North Melbourne Central,VIC,Melbourne,null,null,null,null,null,null,null,null,null,228,null,318,null,null,4641,25,68,null,1,null
null,null,null,-37.7975,144.956,3052,Parkville,VIC,Melbourne,null,null,null,null,null,null,null,null,null,228,null,203,null,null,4642,14,30,null,1,null
null,null,null,-37.815582,145.007712,3121,Richmond Central,VIC,Melbourne,null,null,null,null,null,null,null,null,null,228,null,490,null,null,4643,17,79,null,1,null
null,null,null,-37.8126786,144.9982345,3121,Richmond North,VIC,Melbourne,null,null,null,null,null,null,null,null,null,228,null,45,null,null,4644,9,22,null,1,null
null,null,null,-37.778975,144.946489,2031,Special Hospital Team 3,VIC,Melbourne,null,null,null,null,null,null,null,null,null,228,null,1,null,null,4652,0,0,null,2,null
null,null,null,-37.822,144.998,2753,Richmond,VIC,Melbourne,null,null,null,null,null,null,null,null,null,228,null,558,null,null,4677,19,78,null,1,null
null,null,null,-37.82049,145.003744,3121,Burnley,VIC,Melbourne,null,null,null,null,null,null,null,null,null,228,null,336,null,null,4678,8,42,null,1,null
null,null,null,-37.8297,145,3121,Cremorne,VIC,Melbourne,null,null,null,null,null,null,null,null,null,228,null,539,null,null,4679,13,73,null,1,null
15,18,null,-27.446,152.994,4060,Ashgrove,QLD,Brisbane,null,null,562,null,null,null,null,null,null,156,null,null,null,null,5168,38,50,null,1,null
5,5,null,-27.4295167,152.9897868,4051,Enoggera (Brisbane),QLD,Brisbane,null,null,173,null,null,null,null,null,null,156,null,null,null,null,5174,10,35,null,1,null
7,11,null,-27.4516,152.992,4065,Ithaca Creek,QLD,Brisbane,null,null,375,null,null,null,null,null,null,156,null,null,null,null,5182,17,33,null,1,null
15,4,null,-27.4556408,153.002488,4059,Ithaca South,QLD,Brisbane,null,null,490,null,null,null,null,null,null,156,null,null,null,null,5183,9,48,null,1,null
15,19,null,-27.4509709,153.0117416,4059,Kelvin Grove,QLD,Brisbane,null,null,795,null,null,null,null,null,null,156,null,null,null,null,5186,28,64,null,1,null
20,32,null,-27.4314,153.004,4051,Newmarket,QLD,Brisbane,null,null,646,null,null,null,null,null,null,156,null,null,null,null,5191,27,56,null,1,null
2,10,null,-27.4405261,153.0056047,4051,Newmarket South,QLD,Brisbane,null,null,240,null,null,null,null,null,null,156,null,null,null,null,5192,5,24,null,1,null
3,8,null,-27.4588,152.996,4064,Paddington,QLD,Brisbane,null,null,390,null,null,null,null,null,null,156,null,null,null,null,5194,15,21,null,1,null
26,14,null,-27.4281,153.015,4051,Grange,QLD,Brisbane,null,null,522,null,null,null,null,null,null,156,null,null,null,null,5203,22,65,null,1,null
31,28,null,-27.4306326,153.029573,4030,Windsor North,QLD,Brisbane,null,null,769,null,null,null,null,null,null,156,null,null,null,null,5204,26,100,null,1,null
19,20,null,-27.469,153.023,4000,Brisbane City (Brisbane),QLD,Brisbane,null,null,617,null,null,null,null,null,null,156,null,null,null,null,5566,26,62,null,1,null
5,12,null,-27.4613125,153.029705,4000,Fortitude Valley,QLD,Brisbane,null,null,255,null,null,null,null,null,null,156,null,null,null,null,5576,13,22,null,1,null
12,18,null,-27.4685973,153.0444002,4005,Merthyr,QLD,Brisbane,null,null,621,null,null,null,null,null,null,156,null,null,null,null,5580,19,76,null,1,null
12,12,null,-27.4638043,152.9990602,4064,Milton (Brisbane),QLD,Brisbane,null,null,472,null,null,null,null,null,null,156,null,null,null,null,5581,13,25,null,1,null
24,32,null,-27.4606103,153.0451351,4005,New Farm,QLD,Brisbane,null,null,1030,null,null,null,null,null,null,156,null,null,null,null,5584,44,116,null,1,null
13,7,null,-27.4604,153.01,4064,Petrie Terrace,QLD,Brisbane,null,null,424,null,null,null,null,null,null,156,null,null,null,null,5588,11,28,null,1,null
15,19,null,-27.4596726,153.027674,2800,Spring Hill,QLD,Brisbane,null,null,563,null,null,null,null,null,null,156,null,null,null,null,5591,38,58,null,1,null
13,9,null,-27.4329,153.057,4007,Ascot,QLD,Brisbane,null,null,385,null,null,null,null,null,null,156,null,null,null,null,6017,24,53,null,1,null
9,5,null,-27.4189,153.058,4011,Clayfield East,QLD,Brisbane,null,null,215,null,null,null,null,null,null,156,null,null,null,null,6029,18,33,null,1,null
6,10,null,-27.4222,153.048,4011,Clayfield West,QLD,Brisbane,null,null,354,null,null,null,null,null,null,156,null,null,null,null,6030,25,41,null,1,null
25,17,null,-27.437,153.064,2303,Hamilton,QLD,Brisbane,null,null,377,null,null,null,null,null,null,156,null,null,null,null,6034,56,70,null,1,null
16,12,null,-27.4192,153.069,4011,Hendra,QLD,Brisbane,null,null,256,null,null,null,null,null,null,156,null,null,null,null,6035,31,51,null,1,null
11,3,null,-27.4089663,153.0440663,4030,Kalinga (Brisbane),QLD,Brisbane,null,null,176,null,null,null,null,null,null,156,null,null,null,null,6037,6,19,null,1,null
12,5,null,-27.432299,153.0730891,4007,Whinstanes,QLD,Brisbane,null,null,111,null,null,null,null,null,null,156,null,null,null,null,6054,13,26,null,1,null
null,null,null,-34.9218994,138.5980605,5000,Adelaide (Adelaide),SA,Adelaide,8,null,139,null,null,null,null,null,null,179,null,156,null,null,6648,20,17,null,1,null
null,null,null,-34.92788,138.60935,5000,Adelaide East,SA,Adelaide,21,null,244,null,null,null,null,null,null,179,null,446,null,null,6649,10,22,null,1,null
null,null,null,-34.934185,138.604438,5000,Adelaide South,SA,Adelaide,37,null,587,null,null,null,null,null,null,179,null,688,null,null,6651,64,53,null,1,null
null,null,null,-34.8542,138.599,5084,Blair Athol,SA,Adelaide,35,null,170,null,null,null,null,null,null,179,null,368,null,null,6654,60,76,null,1,null
null,null,null,-34.880086,138.614978,5083,Broadview,SA,Adelaide,40,null,284,null,null,null,null,null,null,179,null,976,null,null,6655,75,90,null,1,null
null,null,null,-34.88015,138.56602,2133,Croydon Park,SA,Adelaide,31,null,168,null,null,null,null,null,null,179,null,355,null,null,6657,57,103,null,1,null
null,null,null,-34.8655,138.602,5085,Enfield,SA,Adelaide,34,null,274,null,null,null,null,null,null,179,null,570,null,null,6659,111,110,null,1,null
null,null,null,-34.8526521,138.6102747,5085,Enfield North,SA,Adelaide,21,null,143,null,null,null,null,null,null,179,null,349,null,null,6660,41,52,null,1,null
null,null,null,-34.871,138.626,5086,Greenacres,SA,Adelaide,32,null,236,null,null,null,null,null,null,179,null,695,null,null,6663,74,92,null,1,null
null,null,null,-34.86216,138.588163,5084,Kilburn,SA,Adelaide,30,null,209,null,null,null,null,null,null,179,null,347,null,null,6668,62,128,null,1,null
null,null,null,-34.882716,138.603923,5083,Nailsworth,SA,Adelaide,32,null,241,null,null,null,null,null,null,179,null,686,null,null,6674,47,68,null,1,null
null,null,null,-34.905106,138.597604,5006,North Adelaide,SA,Adelaide,43,null,374,null,null,null,null,null,null,179,null,1036,null,null,6675,45,53,null,1,null
null,null,null,-34.848419,138.619864,5085,Northfield,SA,Adelaide,32,null,158,null,null,null,null,null,null,179,null,536,null,null,6676,55,92,null,1,null
null,null,null,-34.884989,138.590019,5082,Prospect,SA,Adelaide,41,null,492,null,null,null,null,null,null,179,null,920,null,null,6679,77,97,null,1,null
null,null,null,-34.87485,138.596842,5082,Prospect North,SA,Adelaide,39,null,321,null,null,null,null,null,null,179,null,647,null,null,6681,99,104,null,1,null
null,null,null,-34.8901,138.602,5082,Prospect South,SA,Adelaide,8,null,89,null,null,null,null,null,null,179,null,370,null,null,6682,29,19,null,1,null
null,null,null,-34.88542,138.62594,5081,Vale Park (Adelaide),SA,Adelaide,20,null,157,null,null,null,null,null,null,179,null,563,null,null,6685,25,36,null,1,null
null,null,null,-34.8953,138.613,5081,Walkerville (Adelaide),SA,Adelaide,27,null,256,null,null,null,null,null,null,179,null,1019,null,null,6686,36,44,null,1,null
null,null,null,-34.95773,138.62051,5063,Fullarton,SA,Adelaide,22,null,175,null,null,null,null,null,null,179,null,698,null,null,6868,32,30,null,1,null
null,null,null,-34.9515,138.589,4660,Goodwood,SA,Adelaide,30,null,441,null,null,null,null,null,null,179,null,581,null,null,6871,40,50,null,1,null
null,null,null,-34.960398,138.607119,2010,Hyde Park,SA,Adelaide,7,null,140,null,null,null,null,null,null,179,null,790,null,null,6878,18,26,null,1,null
null,null,null,-34.9446,138.62,5063,Parkside,SA,Adelaide,27,null,380,null,null,null,null,null,null,179,null,752,null,null,6886,29,44,null,1,null
null,null,null,-34.950821,138.608307,5061,Unley,SA,Adelaide,40,null,390,null,null,null,null,null,null,179,null,984,null,null,6889,36,63,null,1,null
null,null,null,-34.9605752,138.5737695,5035,Black Forest (Adelaide),SA,Adelaide,10,null,133,null,null,null,null,null,null,179,null,216,null,null,7008,17,21,null,1,null
null,null,null,-34.94303,138.57221,5035,Keswick,SA,Adelaide,13,null,133,null,null,null,null,null,null,179,null,285,null,null,7067,21,20,null,1,null
null,null,null,-34.901621,138.554324,5009,Allenby Gardens (Adelaide),SA,Adelaide,37,null,277,null,null,null,null,null,null,179,null,554,null,null,7048,55,99,null,1,null
null,null,null,-34.898096,138.581904,5007,Brompton,SA,Adelaide,36,null,533,null,null,null,null,null,null,179,null,456,null,null,7049,52,51,null,1,null
null,null,null,-34.9342455,138.5590038,5033,Cowandilla (Adelaide),SA,Adelaide,42,null,267,null,null,null,null,null,null,179,null,415,null,null,7053,60,102,null,1,null
null,null,null,-34.9462149,138.5688187,5033,Kurralta Park,SA,Adelaide,9,null,105,null,null,null,null,null,null,179,null,222,null,null,7070,17,23,null,1,null
null,null,null,-34.9607,138.556,5038,Plympton (Adelaide),SA,Adelaide,26,null,198,null,null,null,null,null,null,179,null,518,null,null,7075,59,52,null,1,null
null,null,null,-34.8944,138.581,5008,Renown Park,SA,Adelaide,28,null,250,null,null,null,null,null,null,179,null,316,null,null,7077,48,99,null,1,null
null,null,null,-34.9399,138.562,5033,Richmond (Adelaide),SA,Adelaide,32,null,214,null,null,null,null,null,null,179,null,540,null,null,7078,60,94,null,1,null
null,null,null,-34.9234738,138.5704613,5031,Mile End,SA,Adelaide,33,null,386,null,null,null,null,null,null,179,null,416,null,null,7079,57,103,null,1,null
null,null,null,-34.9173,138.563,5031,Torrensville,SA,Adelaide,26,null,399,null,null,null,null,null,null,179,null,451,null,null,7080,54,89,null,1,null
null,null,null,-34.8732246,138.5685417,5010,Regency Park,SA,Adelaide,11,null,64,null,null,null,null,null,null,179,null,196,null,null,7254,23,28,null,1,null
null,null,null,-34.8839,138.551,5009,Kilkenny (Adelaide),SA,Adelaide,11,null,108,null,null,null,null,null,null,179,null,208,null,null,7255,29,46,null,1,null
null,null,null,-34.86398,138.55001,5012,Woodville Gardens (Adelaide),SA,Adelaide,52,null,154,null,null,null,null,null,null,179,null,322,null,null,7280,58,129,null,1,null
null,null,null,-31.9337,115.842,6007,Leederville,WA,Perth,null,null,null,null,null,null,null,null,12,245,null,325,null,null,7611,14,28,null,1,null
null,null,null,-31.9273,115.842,6007,Leederville North,WA,Perth,null,null,null,null,null,null,null,null,13,245,null,421,null,null,7612,5,44,null,1,null
null,null,null,-31.9183,115.836,6016,Mount Hawthorn,WA,Perth,null,null,null,null,null,null,null,null,38,245,null,689,null,null,7616,18,72,null,1,null
null,null,null,-31.9278998,115.8389012,6007,Leederville Central,WA,Perth,null,null,null,null,null,null,null,null,5,245,null,166,null,null,7617,7,23,null,1,null
null,null,null,-31.9197,115.835,6016,Mount Hawthorn West,WA,Perth,null,null,null,null,null,null,null,null,20,245,null,553,null,null,7618,19,50,null,1,null
null,null,null,-31.8933,115.946,6054,Eden Hill,WA,Perth,null,null,null,null,null,null,null,null,76,245,null,510,null,null,7931,25,163,null,1,null
null,null,null,-31.9146,115.941,6054,Ashfield,WA,Perth,null,null,null,null,null,null,null,null,26,245,null,317,null,null,8127,25,55,null,1,null
null,null,null,-31.8982,115.937,6054,Bassendean,WA,Perth,null,null,null,null,null,null,null,null,49,245,null,528,null,null,8128,48,95,null,1,null
null,null,null,-31.9077611,115.953831,6054,Bassendean South,WA,Perth,null,null,null,null,null,null,null,null,56,245,null,751,null,null,8129,34,126,null,1,null
null,null,null,-31.9198,115.914,3153,Bayswater,WA,Perth,null,null,null,null,null,null,null,null,63,245,null,805,null,null,8130,49,109,null,1,null
null,null,null,-31.9150965,115.8962016,6052,Bedford,WA,Perth,null,null,null,null,null,null,null,null,21,245,null,356,null,null,8131,16,58,null,1,null
null,null,null,-31.8769,115.89,6062,Camboon,WA,Perth,null,null,null,null,null,null,null,null,45,245,null,968,null,null,8133,56,160,null,1,null
null,null,null,-31.9144,115.86,6050,Coolbinia (Perth),WA,Perth,null,null,null,null,null,null,null,null,35,245,null,845,null,null,8134,13,66,null,1,null
null,null,null,-31.9598,115.875,6004,East Perth,WA,Perth,null,null,null,null,null,null,null,null,42,245,null,855,null,null,8137,26,77,null,1,null
null,null,null,-31.9025,115.909,6062,Embleton,WA,Perth,null,null,null,null,null,null,null,null,34,245,null,307,null,null,8138,40,92,null,1,null
null,null,null,-31.9397,115.876,6050,Mount Lawley South,WA,Perth,null,null,null,null,null,null,null,null,27,245,null,468,null,null,8139,24,50,null,1,null
null,null,null,-31.8892,115.926,6062,Morley South,WA,Perth,null,null,null,null,null,null,null,null,47,245,null,579,null,null,8140,26,124,null,1,null
null,null,null,-31.9406,115.8667027,6003,Highgate,WA,Perth,null,null,null,null,null,null,null,null,54,245,null,692,null,null,8142,31,111,null,1,null
null,null,null,-31.9087,115.903,3153,Bayswater North,WA,Perth,null,null,null,null,null,null,null,null,41,245,null,702,null,null,8143,46,118,null,1,null
null,null,null,-31.9403,115.852,6005,West Perth,WA,Perth,null,null,null,null,null,null,null,null,9,245,null,308,null,null,8144,18,26,null,1,null
null,null,null,-31.9249007,115.8888422,4387,Inglewood,WA,Perth,null,null,null,null,null,null,null,null,18,245,null,331,null,null,8145,10,56,null,1,null
null,null,null,-31.917,115.886,6052,Inglewood East,WA,Perth,null,null,null,null,null,null,null,null,52,245,null,888,null,null,8147,29,137,null,1,null
null,null,null,-31.93186,115.891151,5069,Maylands,WA,Perth,null,null,null,null,null,null,null,null,45,245,null,588,null,null,8148,31,101,null,1,null
null,null,null,-31.9333,115.905,6051,Maylands East,WA,Perth,null,null,null,null,null,null,null,null,43,245,null,640,null,null,8149,28,70,null,1,null
null,null,null,-31.9214227,115.8704853,6050,Mount Lawley,WA,Perth,null,null,null,null,null,null,null,null,32,245,null,777,null,null,8154,16,84,null,1,null
null,null,null,-31.930689,115.886983,6050,Mount Lawley East,WA,Perth,null,null,null,null,null,null,null,null,15,245,null,209,null,null,8155,7,18,null,1,null
null,null,null,-31.9257,115.864,6050,Mount Lawley West,WA,Perth,null,null,null,null,null,null,null,null,21,245,null,517,null,null,8156,10,38,null,1,null
null,null,null,-31.8767,115.908,6062,Noranda,WA,Perth,null,null,null,null,null,null,null,null,40,245,null,804,null,null,8157,42,137,null,1,null
null,null,null,-31.8791247,115.8785319,6059,Dianella North (Perth),WA,Perth,null,null,null,null,null,null,null,null,21,245,null,259,null,null,8158,14,50,null,1,null
null,null,null,-31.9192,115.851,6006,North Perth,WA,Perth,null,null,null,null,null,null,null,null,23,245,null,554,null,null,8159,13,42,null,1,null
null,null,null,-31.9300907,115.8562812,6006,North Perth Central,WA,Perth,null,null,null,null,null,null,null,null,42,245,null,713,null,null,8160,31,78,null,1,null
null,null,null,-31.9564376,115.8612921,6000,Perth Central,WA,Perth,null,null,null,null,null,null,null,null,15,245,null,299,null,null,8161,13,36,null,1,null
null,null,null,-31.9482,115.861,2063,Northbridge,WA,Perth,null,null,null,null,null,null,null,null,18,245,null,215,null,null,8164,13,48,null,1,null
null,null,null,-31.9504,115.844,6005,West Perth Central,WA,Perth,null,null,null,null,null,null,null,null,19,245,null,427,null,null,8165,13,23,null,1,null
null,null,null,-35.3314386,149.0803543,2605,Curtin (Canberra),ACT,Canberra,null,null,423,null,55,null,null,null,null,101,null,506,null,null,8764,32,39,null,1,null
null,null,null,-35.3125,149.111,2600,Deakin,ACT,Canberra,null,null,159,null,16,null,null,null,null,101,null,564,null,null,8766,16,13,null,1,null
null,null,null,-35.332175,149.0910366,2605,Hughes (Canberra),ACT,Canberra,null,null,286,null,30,null,null,null,null,101,null,466,null,null,8774,14,34,null,1,null
null,null,null,-35.342,149.076,2606,Lyons (Canberra),ACT,Canberra,null,null,177,null,18,null,null,null,null,101,null,216,null,null,8779,14,28,null,1,null
null,null,null,-35.3286,149.15,2604,Narrabundah,ACT,Canberra,null,null,271,null,17,null,null,null,null,101,null,375,null,null,8782,31,47,null,1,null
null,null,null,-35.3424,149.231,2620,Oaks Estate,ACT,Canberra,null,null,30,null,4,null,null,null,null,101,null,35,null,null,8783,10,11,null,1,null
null,null,null,-35.3395,149.133,2603,Red Hill,ACT,Canberra,null,null,417,null,46,null,null,null,null,101,null,767,null,null,8785,22,63,null,1,null
null,null,null,-35.3446687,149.1029475,2605,Garran (Canberra),ACT,Canberra,null,null,149,null,22,null,null,null,null,101,null,265,null,null,8794,15,25,null,1,null
null,null,null,-35.2543,149.147,2602,Ainslie North,ACT,Canberra,null,null,686,null,38,null,null,null,null,101,null,277,null,null,8801,14,41,null,1,null
null,null,null,-35.27363,149.14001,2601,Braddon,ACT,Canberra,null,null,702,null,60,null,null,null,null,101,null,382,null,null,8802,20,33,null,1,null
null,null,null,-35.256,149.08,2614,Aranda (Canberra),ACT,Canberra,null,null,555,null,28,null,null,null,null,101,null,326,null,null,8803,19,28,null,1,null
null,null,null,-35.2903,149.156,2601,Campbell,ACT,Canberra,null,null,392,null,34,null,null,null,null,101,null,802,null,null,8806,23,26,null,1,null
null,null,null,-35.2767018,149.1290814,2601,City (Canberra),ACT,Canberra,null,null,527,null,44,null,null,null,null,101,null,274,null,null,8808,17,18,null,1,null
null,null,null,-35.2535,149.139,2602,Dickson,ACT,Canberra,null,null,296,null,16,null,null,null,null,101,null,218,null,null,8809,13,25,null,1,null
null,null,null,-35.2137,149.094,2617,Giralang (Canberra),ACT,Canberra,null,null,263,null,33,null,null,null,null,101,null,368,null,null,8816,29,49,null,1,null
null,null,null,-35.3222,149.145,2603,Griffith,ACT,Canberra,null,null,276,null,30,null,null,null,null,101,null,456,null,null,8817,13,32,null,1,null
null,null,null,-35.2248,149.114,2617,Kaleen,ACT,Canberra,null,null,285,null,33,null,null,null,null,101,null,558,null,null,8823,41,63,null,1,null
null,null,null,-35.2351,149.102,2617,Kaleen South,ACT,Canberra,null,null,321,null,27,null,null,null,null,101,null,388,null,null,8824,24,33,null,1,null
null,null,null,-35.2515,149.125,2602,Lyneham,ACT,Canberra,null,null,841,null,38,null,null,null,null,101,null,387,null,null,8826,23,52,null,1,null
null,null,null,-35.2501,149.059,2614,Macquarie (Canberra),ACT,Canberra,null,null,307,null,39,null,null,null,null,101,null,274,null,null,8828,28,33,null,1,null
null,null,null,-35.3151,149.135,2600,Barton,ACT,Canberra,null,null,411,null,38,null,null,null,null,101,null,571,null,null,8829,22,37,null,1,null
null,null,null,-35.265,149.126,2601,Turner,ACT,Canberra,null,null,699,null,56,null,null,null,null,101,null,323,null,null,8836,22,23,null,1,null
null,null,null,-35.2385,149.155,2602,Watson,ACT,Canberra,null,null,823,null,49,null,null,null,null,101,null,402,null,null,8837,26,41,null,1,null
null,null,null,-35.2518,149.047,2614,Weetangera (Canberra),ACT,Canberra,null,null,279,null,34,null,null,null,null,101,null,503,null,null,8838,29,26,null,1,null
null,null,null,-35.3069,149.103,2600,Yarralumla,ACT,Canberra,null,null,233,null,24,null,null,null,null,101,null,543,null,null,8840,17,30,null,1,null
null,null,557,-33.8999393,151.1793755,2042,Newtown East (Sydney),NSW,Sydney,null,null,238,null,null,9,null,null,null,149,null,86,null,null,8881,5,29,null,1,null
null,null,670,-33.8963885,151.1806596,2042,Newtown North (Sydney),NSW,Sydney,null,null,389,null,null,23,null,null,null,149,null,211,null,null,8882,20,33,null,1,null
null,null,null,-31.8916,115.894,6062,Morley (Perth),WA,Perth,null,null,null,null,null,null,null,null,47,245,null,583,null,null,11596,43,148,null,1,null
null,null,null,-37.8123099,144.9960244,3121,Richmond West,VIC,Melbourne,null,null,null,null,null,null,null,null,null,228,null,87,null,null,11893,6,15,null,1,null
null,null,315,-33.7991792,151.1830173,2067,Chatswood (North Sydney),NSW,North Sydney,null,null,152,null,null,32,null,null,null,137,null,557,null,null,11935,17,90,null,1,null
null,null,359,-33.7999459,151.1753141,2067,Chatswood West (North Sydney),NSW,North Sydney,null,null,225,null,null,49,null,null,null,137,null,643,null,null,11936,17,105,null,1,null
null,null,null,-34.8894265,138.5592577,5008,West Croydon,SA,Adelaide,37,null,274,null,null,null,null,null,null,179,null,387,null,null,12085,51,86,null,1,null
null,null,null,-34.87382,138.555193,5009,Kilkenny North (Adelaide),SA,Adelaide,26,null,108,null,null,null,null,null,null,179,null,190,null,null,12086,45,61,null,1,null
null,null,18,-33.8730501,151.2064528,2000,Sydney (Newcastle),NSW,Newcastle,null,null,3,null,null,0,null,null,null,136,null,11,null,null,14128,1,0,null,1,null
null,null,60,-33.8730501,151.2064528,2000,Sydney (North Sydney),NSW,North Sydney,null,null,64,null,null,2,null,null,null,137,null,94,null,null,14135,4,11,null,1,null
null,null,1286,-33.8730501,151.2064528,2000,Sydney (Sydney),NSW,Sydney,null,null,452,null,null,39,null,null,null,149,null,1288,null,null,14165,67,187,null,1,null
null,null,null,-37.8098387,144.9720566,3000,Melbourne MELBOURNE PPVC,VIC,Melbourne,null,null,null,null,null,null,null,null,null,228,null,2735,null,null,14318,115,226,null,5,null
null,null,null,-35.270926,149.129899,2601,Divisional Office (PREPOLL),ACT,Canberra,null,null,72,null,7,null,null,null,null,101,null,73,null,null,30092,8,2,null,5,null
null,null,5,-32.924199,151.748403,2601,Divisional Office (PREPOLL),NSW,Newcastle,null,null,1,null,null,0,null,null,null,136,null,4,null,null,30127,0,0,null,5,null
null,null,0,-33.8781275,151.2065479,2601,Divisional Office (PREPOLL),NSW,Sydney,null,null,0,null,null,0,null,null,null,149,null,0,null,null,30140,0,0,null,5,null
0,1,null,-27.464207,153.0310535,2601,Divisional Office (PREPOLL),QLD,Brisbane,null,null,12,null,null,null,null,null,null,156,null,null,null,null,30147,1,1,null,5,null
null,null,null,-34.92197,138.599146,2601,Divisional Office (PREPOLL),SA,Adelaide,0,null,0,null,null,null,null,null,null,179,null,0,null,null,30170,0,0,null,5,null
null,null,null,-37.8095,144.970591,2601,Divisional Office (PREPOLL),VIC,Melbourne,null,null,null,null,null,null,null,null,null,228,null,0,null,null,30219,0,0,null,5,null
null,null,null,-31.952818,115.853318,2601,Divisional Office (PREPOLL),WA,Perth,null,null,null,null,null,null,null,null,0,245,null,0,null,null,30236,0,0,null,5,null
null,null,null,-34.9584,138.612,5061,Malvern,SA,Adelaide,9,null,189,null,null,null,null,null,null,179,null,692,null,null,31070,15,27,null,1,null
13,11,null,-27.4121,153.018,4053,Stafford (Brisbane),QLD,Brisbane,null,null,261,null,null,null,null,null,null,156,null,null,null,null,31499,26,49,null,1,null
11,3,null,-27.4077,152.998,4053,Stafford West (Brisbane),QLD,Brisbane,null,null,65,null,null,null,null,null,null,156,null,null,null,null,31502,3,15,null,1,null
22,14,null,-27.4241,153.04,4030,Lutwyche,QLD,Brisbane,null,null,505,null,null,null,null,null,null,156,null,null,null,null,31645,27,80,null,1,null
null,null,null,-37.7995486,144.9551273,2031,Special Hospital Team 5,VIC,Melbourne,null,null,null,null,null,null,null,null,null,228,null,11,null,null,31964,1,3,null,2,null
null,null,null,-37.7998212,144.9584567,2605,Special Hospital Team 6,VIC,Melbourne,null,null,null,null,null,null,null,null,null,228,null,6,null,null,31965,0,2,null,2,null
null,null,null,-37.807773,144.9749601,2602,Special Hospital Team 7,VIC,Melbourne,null,null,null,null,null,null,null,null,null,228,null,9,null,null,31966,1,3,null,2,null
null,null,null,-31.887,115.917,6062,Morley Central,WA,Perth,null,null,null,null,null,null,null,null,36,245,null,466,null,null,32518,33,77,null,1,null
40,41,null,-27.4681,153.024,4000,Brisbane City BRISBANE PPVC,QLD,Brisbane,null,null,1977,null,null,null,null,null,null,156,null,null,null,null,32606,132,189,null,5,null
null,null,null,-34.9218994,138.5980605,5000,Adelaide ADELAIDE PPVC,SA,Adelaide,70,null,899,null,null,null,null,null,null,179,null,1610,null,null,32952,100,80,null,5,null
null,null,null,-37.8022451,144.9782761,3065,Fitzroy East,VIC,Melbourne,null,null,null,null,null,null,null,null,null,228,null,126,null,null,33053,14,71,null,1,null
8,10,null,-27.4651846,153.0456769,4005,New Farm South,QLD,Brisbane,null,null,525,null,null,null,null,null,null,156,null,null,null,null,33080,28,65,null,1,null
null,null,null,-34.854189,138.551545,5012,Mansfield Park (Adelaide),SA,Adelaide,45,null,124,null,null,null,null,null,null,179,null,242,null,null,33098,45,74,null,1,null
null,null,647,-33.804541,151.155406,2066,Lane Cove North,NSW,North Sydney,null,null,313,null,null,45,null,null,null,137,null,1106,null,null,33722,25,73,null,1,null
null,null,815,-32.9083,151.672,2287,Wallsend,NSW,Newcastle,null,null,168,null,null,37,null,null,null,136,null,319,null,null,33727,73,102,null,1,null
null,null,128,-33.7993082,151.1871733,2067,Chatswood East,NSW,North Sydney,null,null,66,null,null,11,null,null,null,137,null,320,null,null,33766,6,44,null,1,null
null,null,5266,-32.9272155,151.7795013,2300,Newcastle NEWCASTLE PPVC,NSW,Newcastle,null,null,2004,null,null,143,null,null,null,136,null,4396,null,null,33789,322,484,null,5,null
null,null,339,-33.8323301,151.1259218,2111,Gladesville (North Sydney),NSW,North Sydney,null,null,119,null,null,26,null,null,null,137,null,513,null,null,33806,16,75,null,1,null
null,null,3,-33.8208726,151.1897805,2031,Special Hospital Team 3,NSW,North Sydney,null,null,1,null,null,1,null,null,null,137,null,5,null,null,33910,1,0,null,2,null
null,null,1959,-33.8235867,151.2006677,2065,Crows Nest NORTH SYDNEY PPVC,NSW,North Sydney,null,null,890,null,null,87,null,null,null,137,null,4319,null,null,33967,94,222,null,5,null
null,null,1475,-33.8638565,151.2092587,2000,Sydney SYDNEY PPVC,NSW,Sydney,null,null,498,null,null,24,null,null,null,149,null,1342,null,null,33970,37,66,null,5,null
null,null,483,-32.8867,151.718,2304,Warabrook,NSW,Newcastle,null,null,111,null,null,29,null,null,null,136,null,265,null,null,34360,42,74,null,1,null
null,null,1018,-32.8737,151.651,2287,Glendore,NSW,Newcastle,null,null,177,null,null,55,null,null,null,136,null,541,null,null,34361,85,195,null,1,null
null,null,null,-34.895852,138.567236,4871,Croydon,SA,Adelaide,20,null,236,null,null,null,null,null,null,179,null,265,null,null,36447,33,64,null,1,null
null,null,339,-33.826301,151.21056,2062,Cammeray South,NSW,North Sydney,null,null,198,null,null,11,null,null,null,137,null,559,null,null,37052,15,42,null,1,null
null,null,null,-34.8547311,138.6335914,5085,Northgate (Adelaide),SA,Adelaide,28,null,210,null,null,null,null,null,null,179,null,712,null,null,38208,73,62,null,1,null
null,null,null,-31.9535634,115.8532948,6000,Perth PERTH PPVC,WA,Perth,null,null,null,null,null,null,null,null,88,245,null,1402,null,null,38296,71,127,null,5,null
11,6,null,-27.4176,153.025,4031,Gordon Park,QLD,Brisbane,null,null,318,null,null,null,null,null,null,156,null,null,null,null,38318,20,25,null,1,null
null,null,2336,-33.8772838,151.2055861,2000,Haymarket SYDNEY PPVC,NSW,Sydney,null,null,661,null,null,63,null,null,null,149,null,1764,null,null,46533,81,278,null,5,null
null,null,1244,-33.80077,151.1796,2067,Chatswood NORTH SYDNEY PPVC,NSW,North Sydney,null,null,547,null,null,114,null,null,null,137,null,2752,null,null,47807,106,179,null,5,null
null,null,null,-37.8200529,144.9405111,3008,Docklands,VIC,Melbourne,null,null,null,null,null,null,null,null,null,228,null,561,null,null,47808,16,44,null,1,null
7,5,null,-27.4476,152.977,4060,Ashgrove West (Brisbane),QLD,Brisbane,null,null,238,null,null,null,null,null,null,156,null,null,null,null,55316,10,19,null,1,null
null,null,172,-33.8324891,151.2199092,2089,Neutral Bay (North Sydney),NSW,North Sydney,null,null,97,null,null,2,null,null,null,137,null,287,null,null,57834,8,24,null,1,null
null,null,null,-35.2805169,149.1308614,2601,City CANBERRA PPVC,ACT,Canberra,null,null,2250,null,157,null,null,null,null,101,null,2425,null,null,58708,135,178,null,5,null
null,null,null,-37.77861,144.971786,3057,Brunswick South East (Melbourne),VIC,Melbourne,null,null,null,null,null,null,null,null,null,228,null,66,null,null,64351,2,13,null,1,null
null,null,null,-37.7925,144.99,3068,Collingwood North (Melbourne),VIC,Melbourne,null,null,null,null,null,null,null,null,null,228,null,146,null,null,64353,10,38,null,1,null
null,null,null,-35.2389038,149.070109,2900,Belconnen CANBERRA PPVC,ACT,Canberra,null,null,1032,null,93,null,null,null,null,101,null,2122,null,null,64583,128,190,null,5,null
null,null,null,-37.7636702,144.9999907,3071,Northcote MELBOURNE PPVC,VIC,Melbourne,null,null,null,null,null,null,null,null,null,228,null,257,null,null,64641,15,66,null,5,null
null,null,null,-37.795176,144.928814,2033,Kensington Central,VIC,Melbourne,null,null,null,null,null,null,null,null,null,228,null,200,null,null,64658,26,47,null,1,null
null,null,1148,-32.965,151.685,2290,Charlestown NEWCASTLE PPVC,NSW,Newcastle,null,null,426,null,null,57,null,null,null,136,null,1179,null,null,65201,99,127,null,5,null
null,null,446,-33.913688,151.161852,2204,Marrickville SYDNEY PPVC,NSW,Sydney,null,null,130,null,null,11,null,null,null,149,null,167,null,null,65248,11,40,null,5,null
null,null,null,-37.809495,144.9706565,3000,BLV Melbourne PPVC,VIC,Melbourne,null,null,null,null,null,null,null,null,null,228,null,4,null,null,65426,2,0,null,5,null
null,null,6,-33.7981824,151.1818539,2067,BLV North Sydney PPVC,NSW,North Sydney,null,null,2,null,null,0,null,null,null,137,null,7,null,null,65456,0,0,null,5,null
null,null,16,-33.8781171,151.2064057,2000,BLV Sydney PPVC,NSW,Sydney,null,null,4,null,null,0,null,null,null,149,null,10,null,null,65468,2,0,null,5,null
40,46,null,-27.393389,153.031042,4032,Chermside BRISBANE PPVC,QLD,Brisbane,null,null,1001,null,null,null,null,null,null,156,null,null,null,null,65474,75,167,null,5,null
null,null,null,-35.2790544,149.1263791,2601,BLV Canberra PPVC,ACT,Canberra,null,null,2,null,0,null,null,null,null,101,null,6,null,null,65504,1,1,null,5,null
null,null,null,-31.9535634,115.8532948,6000,BLV Perth PPVC,WA,Perth,null,null,null,null,null,null,null,null,1,245,null,4,null,null,65517,0,0,null,5,null
null,null,13,-32.9635037,151.6958026,2290,BLV Newcastle PPVC,NSW,Newcastle,null,null,3,null,null,1,null,null,null,136,null,4,null,null,65533,0,0,null,5,null
null,null,null,-34.921832,138.598961,5000,BLV Adelaide PPVC,SA,Adelaide,1,null,0,null,null,null,null,null,null,179,null,12,null,null,65592,2,0,null,5,null
0,0,null,-27.464229,153.031035,4000,BLV Brisbane PPVC,QLD,Brisbane,null,null,1,null,null,null,null,null,null,156,null,null,null,null,65598,1,0,null,5,null
24,36,null,-27.4622476,153.0317586,4000,Brisbane BRISBANE PPVC,QLD,Brisbane,null,null,795,null,null,null,null,null,null,156,null,null,null,null,65729,71,100,null,5,null
null,null,null,-35.3019611,149.1299644,2600,Parkes (Canberra),ACT,Canberra,null,null,686,null,105,null,null,null,null,101,null,453,null,null,65741,16,19,null,1,null
null,null,null,-35.3019611,149.1299644,2600,Parkes CANBERRA PPVC,ACT,Canberra,null,null,571,null,40,null,null,null,null,101,null,933,null,null,65742,42,37,null,5,null
null,null,null,-35.2277375,149.1486707,2911,Gungahlin CANBERRA PPVC,ACT,Canberra,null,null,516,null,27,null,null,null,null,101,null,744,null,null,65981,59,69,null,5,null
0,0,null,-27.4465865,153.0280495,2031,Special Hospital Team 3,QLD,Brisbane,null,null,2,null,null,null,null,null,null,156,null,null,null,null,66051,0,2,null,2,null
null,null,396,-33.8638565,151.2092587,2000,Sydney NORTH SYDNEY PPVC,NSW,North Sydney,null,null,240,null,null,23,null,null,null,137,null,1036,null,null,66054,18,72,null,5,null
null,null,null,-31.8716811,115.9227991,6063,Beechboro West (Perth),WA,Perth,null,null,null,null,null,null,null,null,23,245,null,193,null,null,71389,10,48,null,1,null
null,null,null,-31.8761,115.934,6054,Kiara (Perth),WA,Perth,null,null,null,null,null,null,null,null,13,245,null,143,null,null,71390,7,32,null,1,null
null,null,123,-33.8224262,151.2325467,2088,Mosman North (North Sydney),NSW,North Sydney,null,null,75,null,null,6,null,null,null,137,null,293,null,null,81369,4,23,null,1,null
null,null,null,-35.2445,149.145,2602,Downer,ACT,Canberra,null,null,422,null,22,null,null,null,null,101,null,169,null,null,82525,22,25,null,1,null
null,null,245,-33.8753,151.226,2011,Kings Cross Central (Sydney),NSW,Sydney,null,null,106,null,null,5,null,null,null,149,null,123,null,null,82572,9,17,null,1,null
null,null,null,-34.9538,138.591,5034,Goodwood Park,SA,Adelaide,12,null,125,null,null,null,null,null,null,179,null,335,null,null,82875,5,10,null,1,null
null,null,null,-34.90603,138.608531,5006,Lower North Adelaide (Adelaide),SA,Adelaide,16,null,150,null,null,null,null,null,null,179,null,439,null,null,82879,21,14,null,1,null
null,null,null,-34.8876,138.616,5081,Walkerville North,SA,Adelaide,5,null,81,null,null,null,null,null,null,179,null,315,null,null,82880,16,22,null,1,null
null,null,null,-37.8093711,144.9956606,3067,Abbotsford South,VIC,Melbourne,null,null,null,null,null,null,null,null,null,228,null,170,null,null,82957,9,38,null,1,null
null,null,196,-33.825932,151.183116,2065,Greenwich,NSW,North Sydney,null,null,109,null,null,17,null,null,null,137,null,341,null,null,82975,8,17,null,1,null
null,null,327,-33.9125868,151.2003836,2015,Beaconsfield,NSW,Sydney,null,null,123,null,null,19,null,null,null,149,null,189,null,null,82983,14,20,null,1,null
null,null,300,-33.8884,151.194,2008,Darlington Central,NSW,Sydney,null,null,169,null,null,6,null,null,null,149,null,81,null,null,82984,4,17,null,1,null
null,null,649,-33.8993821,151.1838362,2043,Erskineville North,NSW,Sydney,null,null,233,null,null,4,null,null,null,149,null,146,null,null,82985,11,27,null,1,null
null,null,364,-33.8719,151.227,2011,Elizabeth Bay (Sydney),NSW,Sydney,null,null,137,null,null,6,null,null,null,149,null,217,null,null,82989,10,35,null,1,null
null,null,null,-31.9126,115.885,6052,Inglewood North,WA,Perth,null,null,null,null,null,null,null,null,7,245,null,184,null,null,83382,9,23,null,1,null
7,6,null,-27.4196155,152.9992508,4051,Alderley,QLD,Brisbane,null,null,188,null,null,null,null,null,null,156,null,null,null,null,83397,15,28,null,1,null
8,5,null,-27.4190191,153.0509757,4011,Clayfield Central,QLD,Brisbane,null,null,186,null,null,null,null,null,null,156,null,null,null,null,83407,12,28,null,1,null
null,null,168,-32.9238,151.748,2303,Hamilton Central,NSW,Newcastle,null,null,104,null,null,8,null,null,null,136,null,104,null,null,83432,12,22,null,1,null
null,null,4628,-32.898,151.668,2287,Wallsend PPVC,NSW,Newcastle,null,null,695,null,null,205,null,null,null,136,null,2669,null,null,83436,455,535,null,5,null
null,null,null,-34.9292559,138.5879639,5000,Adelaide West,SA,Adelaide,11,null,197,null,null,null,null,null,null,179,null,189,null,null,83454,11,22,null,1,null
null,null,null,-34.8954,138.596,2148,Prospect West,SA,Adelaide,13,null,198,null,null,null,null,null,null,179,null,608,null,null,83475,38,43,null,1,null
null,null,240,-33.7971457,151.1961326,2068,Willoughby South,NSW,North Sydney,null,null,121,null,null,41,null,null,null,137,null,503,null,null,83554,16,39,null,1,null
null,null,53,-33.8258501,151.2177322,2062,Cammeray Central,NSW,North Sydney,null,null,46,null,null,1,null,null,null,137,null,128,null,null,83555,2,2,null,1,null
null,null,238,-33.8044,151.171,2067,Lane Cove North Central,NSW,North Sydney,null,null,109,null,null,11,null,null,null,137,null,435,null,null,83556,14,35,null,1,null
null,null,513,-33.7957255,151.197905,2068,Willoughby PPVC,NSW,North Sydney,null,null,221,null,null,43,null,null,null,137,null,1400,null,null,83648,46,83,null,5,null
null,null,null,-37.817562,145.0026391,3121,Citizens Park,VIC,Melbourne,null,null,null,null,null,null,null,null,null,228,null,337,null,null,83674,10,26,null,1,null
null,null,null,-34.9808871,138.5915167,5041,Colonel Light Gardens ADELAIDE PPVC,SA,Adelaide,31,null,255,null,null,null,null,null,null,179,null,746,null,null,83760,45,46,null,5,null
null,null,null,-31.9539369,115.8659085,2605,Special Hospital Team 6,WA,Perth,null,null,null,null,null,null,null,null,1,245,null,2,null,null,83801,0,0,null,2,null
null,null,null,-31.9539369,115.8659085,2602,Special Hospital Team 7,WA,Perth,null,null,null,null,null,null,null,null,0,245,null,0,null,null,83802,0,0,null,2,null
null,null,286,-33.909333,151.1889335,2015,Alexandria South,NSW,Sydney,null,null,112,null,null,1,null,null,null,149,null,90,null,null,83843,7,16,null,1,null
null,null,99,-33.8810845,151.218664,2010,Darlinghurst South (Sydney),NSW,Sydney,null,null,45,null,null,3,null,null,null,149,null,40,null,null,83845,2,4,null,1,null
null,null,null,-35.2442802,149.0884075,2617,Bruce (Canberra),ACT,Canberra,null,null,287,null,30,null,null,null,null,101,null,296,null,null,83849,9,22,null,1,null
null,null,null,-35.2487237,149.1541276,2602,Dickson East,ACT,Canberra,null,null,331,null,17,null,null,null,null,101,null,145,null,null,83852,15,4,null,1,null
null,null,null,-35.2524845,149.1307017,2602,Lyneham East,ACT,Canberra,null,null,273,null,17,null,null,null,null,101,null,138,null,null,83856,19,14,null,1,null
null,null,315,-33.8834633,151.1575195,2040,Leichhardt SYDNEY PPVC,NSW,Sydney,null,null,77,null,null,5,null,null,null,149,null,151,null,null,83883,10,21,null,5,null
null,null,null,-31.9014924,115.901248,6062,Morley PERTH PPVC,WA,Perth,null,null,null,null,null,null,null,null,233,245,null,4197,null,null,83966,227,465,null,5,null
null,null,null,-37.782,144.933,3031,Flemington (Melbourne),VIC,Melbourne,null,null,null,null,null,null,null,null,null,228,null,11,null,null,93179,0,6,null,1,null
null,null,null,-37.7794,144.919,3032,Ascot Vale (Melbourne),VIC,Melbourne,null,null,null,null,null,null,null,null,null,228,null,1,null,null,93180,1,3,null,1,null
null,null,null,-37.7735328,144.9791956,3057,Brunswick East (Melbourne),VIC,Melbourne,null,null,null,null,null,null,null,null,null,228,null,39,null,null,93181,4,13,null,1,null
null,null,28,-32.9221412,151.6924596,2031,Special Hospital Team 3,NSW,Newcastle,null,null,3,null,null,0,null,null,null,136,null,15,null,null,93498,0,1,null,2,null
null,null,null,-35.4153694,149.0678568,2900,Tuggeranong CANBERRA PPVC,ACT,Canberra,null,null,105,null,17,null,null,null,null,101,null,192,null,null,93960,14,12,null,5,null
null,null,null,-35.3442899,149.0863288,2606,Woden CANBERRA PPVC,ACT,Canberra,null,null,829,null,107,null,null,null,null,101,null,2191,null,null,93961,89,173,null,5,null
null,null,null,-35.2391,149.074,2617,Belconnen (Canberra),ACT,Canberra,null,null,125,null,10,null,null,null,null,101,null,114,null,null,93968,10,14,null,1,null
null,null,null,-35.2398,149.042,2614,Page (Canberra),ACT,Canberra,null,null,79,null,10,null,null,null,null,101,null,146,null,null,93976,16,12,null,1,null
null,null,null,-35.3459732,149.1007821,2605,Special Hospital Team 6,ACT,Canberra,null,null,12,null,1,null,null,null,null,101,null,10,null,null,93984,1,2,null,2,null
null,null,null,-35.2445739,149.124741,2602,Special Hospital Team 7,ACT,Canberra,null,null,6,null,1,null,null,null,null,101,null,16,null,null,93998,1,1,null,2,null
1,3,null,-27.4362285,152.9844757,4060,Dorrington (Brisbane),QLD,Brisbane,null,null,124,null,null,null,null,null,null,156,null,null,null,null,94468,7,9,null,1,null
null,null,null,-34.91925,138.62267,5067,Kent Town (Adelaide),SA,Adelaide,0,null,25,null,null,null,null,null,null,179,null,44,null,null,96623,2,1,null,1,null
null,null,null,-34.926,138.549,5032,Brooklyn Park (Adelaide),SA,Adelaide,7,null,62,null,null,null,null,null,null,179,null,173,null,null,96647,23,25,null,1,null
null,null,null,-34.90785,138.54733,5025,Flinders Park (Adelaide),SA,Adelaide,4,null,53,null,null,null,null,null,null,179,null,181,null,null,96649,15,23,null,1,null
null,null,null,-37.8373706,144.9967821,3141,South Yarra MELBOURNE PPVC,VIC,Melbourne,null,null,null,null,null,null,null,null,null,228,null,292,null,null,97463,11,42,null,5,null
null,null,null,-37.8093711,144.9956606,2753,Richmond PPVC,VIC,Melbourne,null,null,null,null,null,null,null,null,null,228,null,2267,null,null,97466,140,371,null,5,null
null,null,null,-35.2327253,149.081474,2617,Special Hospital Team 8,ACT,Canberra,null,null,11,null,0,null,null,null,null,101,null,8,null,null,97477,0,3,null,2,null
0,0,null,-27.4465865,153.0280495,2031,Special Hospital Team 4,QLD,Brisbane,null,null,0,null,null,null,null,null,null,156,null,null,null,null,97496,0,0,null,2,null
0,0,null,-27.4465865,153.0280495,2031,Special Hospital Team 5,QLD,Brisbane,null,null,0,null,null,null,null,null,null,156,null,null,null,null,97498,1,0,null,2,null
0,1,null,-27.4465865,153.0280495,2605,Special Hospital Team 6,QLD,Brisbane,null,null,2,null,null,null,null,null,null,156,null,null,null,null,97499,0,1,null,2,null
1,8,null,-27.4292301,153.0179628,4051,Wilston,QLD,Brisbane,null,null,210,null,null,null,null,null,null,156,null,null,null,null,97530,5,30,null,1,null
null,null,514,-33.8893114,151.2323296,2021,Paddington SYDNEY PPVC,NSW,Sydney,null,null,141,null,null,3,null,null,null,149,null,349,null,null,97540,19,15,null,5,null
null,null,940,-33.9018677,151.1789377,2042,Newtown SYDNEY PPVC,NSW,Sydney,null,null,418,null,null,6,null,null,null,149,null,275,null,null,97561,25,55,null,5,null
null,null,1138,-33.8745809,151.222717,2011,Kings Cross SYDNEY PPVC,NSW,Sydney,null,null,305,null,null,9,null,null,null,149,null,727,null,null,97562,29,54,null,5,null
null,null,902,-33.9237987,151.210766,2018,Eastlakes SYDNEY PPVC,NSW,Sydney,null,null,194,null,null,41,null,null,null,149,null,735,null,null,97564,45,97,null,5,null
null,null,2120,-33.8822725,151.2066793,2000,Central Sydney SYDNEY PPVC,NSW,Sydney,null,null,662,null,null,34,null,null,null,149,null,786,null,null,97566,52,130,null,5,null
null,null,153,-33.8825375,151.2062488,2000,Central Sydney NORTH SYDNEY PPVC,NSW,North Sydney,null,null,68,null,null,0,null,null,null,137,null,164,null,null,97584,5,15,null,5,null
null,null,859,-33.8761055,151.1783737,2037,Glebe SYDNEY PPVC,NSW,Sydney,null,null,305,null,null,15,null,null,null,149,null,423,null,null,97595,17,30,null,5,null
